Dates,Dates
01-Mar,01-Jan
02-Mar,02-Jan
03-Mar,03-Jan
04-Mar,04-Jan
05-Mar,05-Jan
06-Mar,06-Jan
07-Mar,07-Jan
08-Mar,08-Jan
09-Mar,09-Jan
10-Mar,10-Jan
11-Mar,11-Jan
12-Mar,12-Jan
13-Mar,13-Jan
14-Mar,14-Jan
15-Mar,15-Jan
16-Mar,16-Jan
17-Mar,17-Jan
18-Mar,18-Jan
19-Mar,19-Jan
20-Mar,20-Jan
21-Mar,21-Jan
22-Mar,22-Jan
23-Mar,23-Jan
24-Mar,24-Jan
25-Mar,25-Jan
26-Mar,26-Jan
27-Mar,27-Jan
28-Mar,28-Jan
29-Mar,29-Jan
30-Mar,30-Jan
31-Mar,31-Jan
01-Apr,01-Feb
02-Apr,02-Feb
03-Apr,03-Feb
04-Apr,04-Feb
05-Apr,05-Feb
06-Apr,06-Feb
07-Apr,07-Feb
08-Apr,08-Feb
09-Apr,09-Feb
10-Apr,10-Feb
11-Apr,11-Feb
12-Apr,12-Feb
13-Apr,13-Feb
14-Apr,14-Feb
15-Apr,15-Feb
16-Apr,16-Feb
17-Apr,17-Feb
18-Apr,18-Feb
19-Apr,19-Feb
20-Apr,20-Feb
21-Apr,21-Feb
22-Apr,22-Feb
23-Apr,23-Feb
24-Apr,24-Feb
25-Apr,25-Feb
26-Apr,26-Feb
27-Apr,27-Feb
28-Apr,28-Feb
29-Apr,01-Mar
30-Apr,02-Mar
01-May,03-Mar
02-May,04-Mar
03-May,05-Mar
04-May,06-Mar
05-May,07-Mar
06-May,08-Mar
07-May,09-Mar
08-May,10-Mar
09-May,11-Mar
10-May,12-Mar
11-May,13-Mar
12-May,14-Mar
13-May,15-Mar
14-May,16-Mar
15-May,17-Mar
16-May,18-Mar
17-May,19-Mar
18-May,20-Mar
19-May,21-Mar
20-May,22-Mar
21-May,23-Mar
22-May,24-Mar
23-May,25-Mar
24-May,26-Mar
25-May,27-Mar
26-May,28-Mar
27-May,29-Mar
28-May,30-Mar
29-May,31-Mar
30-May,01-Apr
31-May,02-Apr
01-Jun,03-Apr
02-Jun,04-Apr
03-Jun,05-Apr
04-Jun,06-Apr
05-Jun,07-Apr
06-Jun,08-Apr
07-Jun,09-Apr
08-Jun,10-Apr
09-Jun,11-Apr
10-Jun,12-Apr
11-Jun,13-Apr
12-Jun,14-Apr
13-Jun,15-Apr
14-Jun,16-Apr
15-Jun,17-Apr
16-Jun,18-Apr
17-Jun,19-Apr
18-Jun,20-Apr
19-Jun,21-Apr
20-Jun,22-Apr
21-Jun,23-Apr
22-Jun,24-Apr
23-Jun,25-Apr
24-Jun,26-Apr
25-Jun,27-Apr
26-Jun,28-Apr
27-Jun,29-Apr
28-Jun,30-Apr
29-Jun,01-May
30-Jun,02-May
01-Jul,03-May
02-Jul,04-May
03-Jul,05-May
04-Jul,06-May
05-Jul,07-May
06-Jul,08-May
07-Jul,09-May
08-Jul,10-May
09-Jul,11-May
10-Jul,12-May
11-Jul,13-May
12-Jul,14-May
13-Jul,15-May
14-Jul,16-May
15-Jul,17-May
16-Jul,18-May
17-Jul,19-May
18-Jul,20-May
19-Jul,21-May
20-Jul,22-May
21-Jul,23-May
22-Jul,24-May
23-Jul,25-May
24-Jul,26-May
25-Jul,27-May
26-Jul,28-May
27-Jul,29-May
28-Jul,30-May
29-Jul,31-May
30-Jul,01-Jun
31-Jul,02-Jun
01-Aug,03-Jun
02-Aug,04-Jun
03-Aug,05-Jun
04-Aug,06-Jun
05-Aug,07-Jun
06-Aug,08-Jun
07-Aug,09-Jun
08-Aug,10-Jun
09-Aug,11-Jun
10-Aug,12-Jun
11-Aug,13-Jun
12-Aug,14-Jun
13-Aug,15-Jun
14-Aug,16-Jun
15-Aug,17-Jun
16-Aug,18-Jun
17-Aug,19-Jun
18-Aug,20-Jun
19-Aug,21-Jun
20-Aug,22-Jun
21-Aug,23-Jun
22-Aug,24-Jun
23-Aug,25-Jun
24-Aug,26-Jun
25-Aug,27-Jun
26-Aug,28-Jun
27-Aug,29-Jun
28-Aug,30-Jun
29-Aug,01-Jul
30-Aug,02-Jul
31-Aug,03-Jul
01-Sep,04-Jul
02-Sep,05-Jul
03-Sep,06-Jul
04-Sep,07-Jul
05-Sep,08-Jul
06-Sep,09-Jul
07-Sep,10-Jul
08-Sep,11-Jul
09-Sep,12-Jul
10-Sep,13-Jul
11-Sep,14-Jul
12-Sep,15-Jul
13-Sep,16-Jul
14-Sep,17-Jul
15-Sep,18-Jul
16-Sep,19-Jul
17-Sep,20-Jul
18-Sep,21-Jul
19-Sep,22-Jul
20-Sep,23-Jul
21-Sep,24-Jul
22-Sep,25-Jul
23-Sep,26-Jul
24-Sep,27-Jul
25-Sep,28-Jul
26-Sep,29-Jul
27-Sep,30-Jul
28-Sep,31-Jul
29-Sep,01-Aug
30-Sep,02-Aug
01-Oct,03-Aug
02-Oct,04-Aug
03-Oct,05-Aug
04-Oct,06-Aug
05-Oct,07-Aug
06-Oct,08-Aug
07-Oct,09-Aug
08-Oct,10-Aug
09-Oct,11-Aug
10-Oct,12-Aug
11-Oct,13-Aug
12-Oct,14-Aug
13-Oct,15-Aug
14-Oct,16-Aug
15-Oct,17-Aug
16-Oct,18-Aug
17-Oct,19-Aug
18-Oct,20-Aug
19-Oct,21-Aug
20-Oct,22-Aug
21-Oct,23-Aug
22-Oct,24-Aug
23-Oct,25-Aug
24-Oct,26-Aug
25-Oct,27-Aug
26-Oct,28-Aug
27-Oct,29-Aug
28-Oct,30-Aug
29-Oct,31-Aug
30-Oct,01-Sep
31-Oct,02-Sep
01-Nov,03-Sep
02-Nov,04-Sep
03-Nov,05-Sep
04-Nov,06-Sep
05-Nov,07-Sep
06-Nov,08-Sep
07-Nov,09-Sep
08-Nov,10-Sep
09-Nov,11-Sep
10-Nov,12-Sep
11-Nov,13-Sep
12-Nov,14-Sep
13-Nov,15-Sep
14-Nov,16-Sep
15-Nov,17-Sep
16-Nov,18-Sep
17-Nov,19-Sep
18-Nov,20-Sep
19-Nov,21-Sep
20-Nov,22-Sep
21-Nov,23-Sep
22-Nov,24-Sep
23-Nov,25-Sep
24-Nov,26-Sep
25-Nov,27-Sep
26-Nov,28-Sep
27-Nov,29-Sep
28-Nov,30-Sep
29-Nov,01-Oct
30-Nov,02-Oct
01-Dec,03-Oct
02-Dec,04-Oct
03-Dec,05-Oct
04-Dec,06-Oct
05-Dec,07-Oct
06-Dec,08-Oct
07-Dec,09-Oct
08-Dec,10-Oct
09-Dec,11-Oct
10-Dec,12-Oct
11-Dec,13-Oct
12-Dec,14-Oct
13-Dec,15-Oct
14-Dec,16-Oct
15-Dec,17-Oct
16-Dec,18-Oct
17-Dec,19-Oct
18-Dec,20-Oct
19-Dec,21-Oct
20-Dec,22-Oct
21-Dec,23-Oct
22-Dec,24-Oct
23-Dec,25-Oct
24-Dec,26-Oct
25-Dec,27-Oct
26-Dec,28-Oct
27-Dec,29-Oct
28-Dec,30-Oct
29-Dec,31-Oct
30-Dec,01-Nov
31-Dec,02-Nov
01-Jan,03-Nov
02-Jan,04-Nov
03-Jan,05-Nov
04-Jan,06-Nov
05-Jan,07-Nov
06-Jan,08-Nov
07-Jan,09-Nov
08-Jan,10-Nov
09-Jan,11-Nov
10-Jan,12-Nov
11-Jan,13-Nov
12-Jan,14-Nov
13-Jan,15-Nov
14-Jan,16-Nov
15-Jan,17-Nov
16-Jan,18-Nov
17-Jan,19-Nov
18-Jan,20-Nov
19-Jan,21-Nov
20-Jan,22-Nov
21-Jan,23-Nov
22-Jan,24-Nov
23-Jan,25-Nov
24-Jan,26-Nov
25-Jan,27-Nov
26-Jan,28-Nov
27-Jan,29-Nov
28-Jan,30-Nov
29-Jan,01-Dec
30-Jan,02-Dec
31-Jan,03-Dec
01-Feb,04-Dec
02-Feb,05-Dec
03-Feb,06-Dec
04-Feb,07-Dec
05-Feb,08-Dec
06-Feb,09-Dec
07-Feb,10-Dec
08-Feb,11-Dec
09-Feb,12-Dec
10-Feb,13-Dec
11-Feb,14-Dec
12-Feb,15-Dec
13-Feb,16-Dec
14-Feb,17-Dec
15-Feb,18-Dec
16-Feb,19-Dec
17-Feb,20-Dec
18-Feb,21-Dec
19-Feb,22-Dec
20-Feb,23-Dec
21-Feb,24-Dec
22-Feb,25-Dec
23-Feb,26-Dec
24-Feb,27-Dec
25-Feb,28-Dec
26-Feb,29-Dec
27-Feb,30-Dec
28-Feb,31-Dec
